id, name, read, pattern, sequence, feature_type
CD86_TotalSeqC, CD86, R2, 5P(BC), GTCTTTGTCAGTGCA, Antibody Capture
CD274_TotalSeqC, CD274, R2, 5P(BC), GTTGTCCGACAATAC, Antibody Capture
TNFRSF14_TotalSeqC, TNFRSF14, R2, 5P(BC), TGATAGAAACAGACC, Antibody Capture
PVR_TotalSeqC, PVR, R2, 5P(BC), ATCACATCGTTGCCA, Antibody Capture
NECTIN2_TotalSeqC, NECTIN2, R2, 5P(BC), AACCTTCCGTCTAAG, Antibody Capture
CD47_TotalSeqC, CD47, R2, 5P(BC), GCATTCTGTCACCTA, Antibody Capture
CD48_TotalSeqC, CD48, R2, 5P(BC), CTACGACGTAGAAGA, Antibody Capture
CD40_TotalSeqC, CD40, R2, 5P(BC), CTCAGATGGAGTATG, Antibody Capture
CD40LG_TotalSeqC, CD40LG, R2, 5P(BC), GCTAGATAGATGCAA, Antibody Capture
CD52_TotalSeqC, CD52, R2, 5P(BC), CTTTGTACGAGCAAA, Antibody Capture
CD3D_TotalSeqC, CD3D, R2, 5P(BC), CTCATTGTAACTCCT, Antibody Capture
CD8A_TotalSeqC, CD8A, R2, 5P(BC), GCGCAACTTGATGAT, Antibody Capture
NCAM1_TotalSeqC, NCAM1, R2, 5P(BC), TCCTTTCCTGATAGG, Antibody Capture
CD19_TotalSeqC, CD19, R2, 5P(BC), CTGGGCAATTACTCG, Antibody Capture
CD33_TotalSeqC, CD33, R2, 5P(BC), TAACTCAGGGCCTAT, Antibody Capture
ITGAX_TotalSeqC, ITGAX, R2, 5P(BC), TACGCCTATAACTTG, Antibody Capture
HLA-A_TotalSeqC, HLA-A, R2, 5P(BC), TATGCGAGGCTTATC, Antibody Capture
PTPRC_TotalSeqC_1, PTPRC, R2, 5P(BC), TCAATCCTTCCGCTT, Antibody Capture
IL3RA_TotalSeqC, IL3RA, R2, 5P(BC), CTTCACTCTGTCAGG, Antibody Capture
CD7_TotalSeqC, CD7, R2, 5P(BC), TGGATTCCCGGACTT, Antibody Capture
ENG_TotalSeqC, ENG, R2, 5P(BC), ATCGTCGAGAGCTAG, Antibody Capture
ITGA6_TotalSeqC, ITGA6, R2, 5P(BC), TTCCGAGGATGATCT, Antibody Capture
CCR4_TotalSeqC, CCR4, R2, 5P(BC), AGCTTACCTGCACGA, Antibody Capture
CD4_TotalSeqC, CD4, R2, 5P(BC), TGTTCCCGCTCAACT, Antibody Capture
CD44_TotalSeqC, CD44, R2, 5P(BC), TGGCTTCAGGTCCTA, Antibody Capture
CD14_TotalSeqC, CD14, R2, 5P(BC), TCTCAGACCTCCGTA, Antibody Capture
FCGR3A_TotalSeqC, FCGR3A, R2, 5P(BC), AAGTTCACTCTTTGC, Antibody Capture
IL2RA_TotalSeqC, IL2RA, R2, 5P(BC), TTTGTCCTGTACGCC, Antibody Capture
PTPRC_TotalSeqC_2, PTPRC, R2, 5P(BC), CTCCGAATCATGTTG, Antibody Capture
PDCD1_TotalSeqC, PDCD1, R2, 5P(BC), ACAGCGCCGTATTTA, Antibody Capture
TIGIT_TotalSeqC, TIGIT, R2, 5P(BC), TTGCTTACCGCCAGA, Antibody Capture
nan_TotalSeqC, nan, R2, 5P(BC), GCCGGACGACATTAA, Antibody Capture
nan_TotalSeqC, nan, R2, 5P(BC), CTCCTACCTAAACTG, Antibody Capture
nan_TotalSeqC, nan, R2, 5P(BC), ATATGTATCACGCGA, Antibody Capture
nan_TotalSeqC, nan, R2, 5P(BC), GATTCTTGACGACCT, Antibody Capture
MS4A1_TotalSeqC, MS4A1, R2, 5P(BC), TTCTGGGTCCCTAGA, Antibody Capture
NCR1_TotalSeqC, NCR1, R2, 5P(BC), ACAATTTGAACAGCG, Antibody Capture
PECAM1_TotalSeqC, PECAM1, R2, 5P(BC), ACCTTTATGCCACGG, Antibody Capture
MCAM_TotalSeqC, MCAM, R2, 5P(BC), CCTTGGATAACATCA, Antibody Capture
IGHM_TotalSeqC, IGHM, R2, 5P(BC), TAGCGAGCCCGTATA, Antibody Capture
CD5_TotalSeqC, CD5, R2, 5P(BC), CATTAACGGGATGCC, Antibody Capture
CXCR3_TotalSeqC, CXCR3, R2, 5P(BC), GCGATGGTAGATTAT, Antibody Capture
CCR5_TotalSeqC, CCR5, R2, 5P(BC), CCAAAGTAAGAGCCA, Antibody Capture
FCGR2A_TotalSeqC, FCGR2A, R2, 5P(BC), GCTTCCGAATTACCG, Antibody Capture
CCR6_TotalSeqC, CCR6, R2, 5P(BC), GATCCCTTTGTCACT, Antibody Capture
CXCR5_TotalSeqC, CXCR5, R2, 5P(BC), AATTCAACCGTCGCC, Antibody Capture
ITGAE_TotalSeqC, ITGAE, R2, 5P(BC), GACCTCATTGTGAAT, Antibody Capture
CD69_TotalSeqC, CD69, R2, 5P(BC), GTCTCTTGGCTTAAA, Antibody Capture
SELL_TotalSeqC, SELL, R2, 5P(BC), GTCCCTGCAACTTGA, Antibody Capture
KLRB1_TotalSeqC, KLRB1, R2, 5P(BC), GTACGCAGTCCTTCT, Antibody Capture
CTLA4_TotalSeqC, CTLA4, R2, 5P(BC), ATGGTTCACGTAATC, Antibody Capture
LAG3_TotalSeqC, LAG3, R2, 5P(BC), CATTTGTCTGCCGGT, Antibody Capture
KLRG1_TotalSeqC, KLRG1, R2, 5P(BC), CTTATTTCCTGCCCT, Antibody Capture
CD27_TotalSeqC, CD27, R2, 5P(BC), GCACTCCTGCATGTA, Antibody Capture
LAMP1_TotalSeqC, LAMP1, R2, 5P(BC), CAGCCCACTGCAATA, Antibody Capture
FAS_TotalSeqC, FAS, R2, 5P(BC), CCAGCTCATTAGAGC, Antibody Capture
TNFRSF4_TotalSeqC, TNFRSF4, R2, 5P(BC), AACCCACCGTTGTTA, Antibody Capture
HLA-DRA_TotalSeqC, HLA-DRA, R2, 5P(BC), AATAGCGAGCAAGTA, Antibody Capture
CD1C_TotalSeqC, CD1C, R2, 5P(BC), GAGCTACTTCACTCG, Antibody Capture
ITGAM_TotalSeqC, ITGAM, R2, 5P(BC), GACAAGTGATCTGCA, Antibody Capture
FCGR1A_TotalSeqC, FCGR1A, R2, 5P(BC), AAGTATGCCCTACGA, Antibody Capture
THBD_TotalSeqC, THBD, R2, 5P(BC), GGATAACCGCGCTTT, Antibody Capture
CD1D_TotalSeqC, CD1D, R2, 5P(BC), TCGAGTCGCTTATCA, Antibody Capture
KLRK1_TotalSeqC, KLRK1, R2, 5P(BC), CGTGTTTGTTCCTCA, Antibody Capture
CR1_TotalSeqC, CR1, R2, 5P(BC), ACTTCCGTCGATCTT, Antibody Capture
B3GAT1_TotalSeqC, B3GAT1, R2, 5P(BC), AACTCCCTATGGAGG, Antibody Capture
BTLA_TotalSeqC, BTLA, R2, 5P(BC), GTTATTGGACTAAGG, Antibody Capture
ICOS_TotalSeqC, ICOS, R2, 5P(BC), CGCGCACCCATTAAA, Antibody Capture
CD58_TotalSeqC, CD58, R2, 5P(BC), GTTCCTATGGACGAC, Antibody Capture
ENTPD1_TotalSeqC, ENTPD1, R2, 5P(BC), TTACCTGGTATCCGT, Antibody Capture
CX3CR1_TotalSeqC, CX3CR1, R2, 5P(BC), AGTATCGTCTCTGGG, Antibody Capture
CD24_TotalSeqC, CD24, R2, 5P(BC), AGATTCCTTCGTGTT, Antibody Capture
CR2_TotalSeqC, CR2, R2, 5P(BC), AACCTAGTAGTTCGG, Antibody Capture
ITGAL_TotalSeqC, ITGAL, R2, 5P(BC), TATATCCTTGTGAGC, Antibody Capture
CD79B_TotalSeqC, CD79B, R2, 5P(BC), ATTCTTCAACCGAAG, Antibody Capture
CD244_TotalSeqC, CD244, R2, 5P(BC), TCGCTTGGATGGTAG, Antibody Capture
SIGLEC1_TotalSeqC, SIGLEC1, R2, 5P(BC), TACTCAGCGTGTTTG, Antibody Capture
ITGB7_TotalSeqC, ITGB7, R2, 5P(BC), TCCTTGGATGTACCG, Antibody Capture
TNFRSF13C_TotalSeqC, TNFRSF13C, R2, 5P(BC), CGAAGTCGATCCGTA, Antibody Capture
GP1BB_TotalSeqC, GP1BB, R2, 5P(BC), TCCTAGTACCGAAGT, Antibody Capture
ICAM1_TotalSeqC, ICAM1, R2, 5P(BC), CTGATAGACTTGAGT, Antibody Capture
SELP_TotalSeqC, SELP, R2, 5P(BC), CCTTCCGTATCCCTT, Antibody Capture
IFNGR1_TotalSeqC, IFNGR1, R2, 5P(BC), TGTGTATTCCCTTGT, Antibody Capture
nan_TotalSeqC, nan, R2, 5P(BC), CGTAACGTAGAGCGA, Antibody Capture
nan_TotalSeqC, nan, R2, 5P(BC), ATCAGATGCCCTCAT, Antibody Capture
nan_TotalSeqC, nan, R2, 5P(BC), AAGTCAGGTTCGTTT, Antibody Capture
nan_TotalSeqC, nan, R2, 5P(BC), CCTGTCATTAAGACT, Antibody Capture
IL2RB_TotalSeqC, IL2RB, R2, 5P(BC), TCATTTCCTCCGATT, Antibody Capture
TNFRSF13B_TotalSeqC, TNFRSF13B, R2, 5P(BC), AGTGATGGAGCGAAC, Antibody Capture
FCER1A_TotalSeqC, FCER1A, R2, 5P(BC), CTCGTTTCCGTATCG, Antibody Capture
ITGA2B_TotalSeqC, ITGA2B, R2, 5P(BC), ACGTTGTGGCCTTGT, Antibody Capture
TNFRSF9_TotalSeqC, TNFRSF9, R2, 5P(BC), CAGTAAGTTCGGGAC, Antibody Capture
CD163_TotalSeqC, CD163, R2, 5P(BC), GCTTCTCCTTCCTTA, Antibody Capture
CD83_TotalSeqC, CD83, R2, 5P(BC), CCACTCATTTCCGGT, Antibody Capture
IL4R_TotalSeqC, IL4R, R2, 5P(BC), CCGTCCTGATAGATG, Antibody Capture
ANPEP_TotalSeqC, ANPEP, R2, 5P(BC), TTTCAACGCCCTTTC, Antibody Capture
CD2_TotalSeqC, CD2, R2, 5P(BC), TACGATTTGTCAGGG, Antibody Capture
CD226_TotalSeqC, CD226, R2, 5P(BC), TCTCAGTGTTTGTGG, Antibody Capture
ITGB1_TotalSeqC, ITGB1, R2, 5P(BC), GTATTCCCTCAGTCA, Antibody Capture
CLEC4C_TotalSeqC, CLEC4C, R2, 5P(BC), GAGATGTCCGAATTT, Antibody Capture
ITGA2_TotalSeqC, ITGA2, R2, 5P(BC), GCTTTCTTCAGTATG, Antibody Capture
CD81_TotalSeqC, CD81, R2, 5P(BC), GTATCCTTCCTTGGC, Antibody Capture
IGHD_TotalSeqC, IGHD, R2, 5P(BC), CAGTCTCCGTAGAGT, Antibody Capture
ITGB2_TotalSeqC, ITGB2, R2, 5P(BC), TATTGGGACACTTCT, Antibody Capture
CD28_TotalSeqC, CD28, R2, 5P(BC), TGAGAACGACCCTAA, Antibody Capture
CD38_TotalSeqC, CD38, R2, 5P(BC), TGTACCCGCTTGTGA, Antibody Capture
IL7R_TotalSeqC, IL7R, R2, 5P(BC), GTGTGTTGTCCTATG, Antibody Capture
PTPRC_TotalSeqC, PTPRC, R2, 5P(BC), TGCAATTACCCGGAT, Antibody Capture
CD22_TotalSeqC, CD22, R2, 5P(BC), GGGTTGTTGTCTTTG, Antibody Capture
TFRC_TotalSeqC, TFRC, R2, 5P(BC), CCGTGTTCCTCATTA, Antibody Capture
DPP4_TotalSeqC, DPP4, R2, 5P(BC), GGTGGCTAGATAATG, Antibody Capture
CD36_TotalSeqC, CD36, R2, 5P(BC), TTCTTTGCCTTGCCA, Antibody Capture
KIR2DL1_TotalSeqC, KIR2DL1, R2, 5P(BC), TATCAACCAACGCTT, Antibody Capture
ITGA1_TotalSeqC, ITGA1, R2, 5P(BC), ACTGATGGACTCAGA, Antibody Capture
ITGA4_TotalSeqC, ITGA4, R2, 5P(BC), CCATTCAACTTCCGG, Antibody Capture
NT5E_TotalSeqC, NT5E, R2, 5P(BC), CAGTTCCTCAGTTCG, Antibody Capture
nan_TotalSeqC, nan, R2, 5P(BC), TACGAGCAGTATTCA, Antibody Capture
nan_TotalSeqC, nan, R2, 5P(BC), TCAGTCAGATGGTAT, Antibody Capture
OLR1_TotalSeqC, OLR1, R2, 5P(BC), ACCCTTTACCGAATA, Antibody Capture
KIR2DL3_TotalSeqC, KIR2DL3, R2, 5P(BC), GACCCGTAGTTTGAT, Antibody Capture
KIR3DL1_TotalSeqC, KIR3DL1, R2, 5P(BC), GGACGCTTTCCTTGA, Antibody Capture
SLAMF7_TotalSeqC, SLAMF7, R2, 5P(BC), AGTATGCCATGTCTT, Antibody Capture
CD99_TotalSeqC, CD99, R2, 5P(BC), ACCCGTCCCTAAGAA, Antibody Capture
CLEC12A_TotalSeqC, CLEC12A, R2, 5P(BC), CATTAGAGTCTGCCA, Antibody Capture
SLAMF6_TotalSeqC, SLAMF6, R2, 5P(BC), AGTTTCCACTCAGGC, Antibody Capture
KLRD1_TotalSeqC, KLRD1, R2, 5P(BC), CTTTCCGGTCCTACA, Antibody Capture
IGKC_TotalSeqC, IGKC, R2, 5P(BC), AGCTCAGCCAGTATG, Antibody Capture
LILRB1_TotalSeqC, LILRB1, R2, 5P(BC), CCTTGTGAGGCTATG, Antibody Capture
FCER2_TotalSeqC, FCER2, R2, 5P(BC), TCTGTATAACCGTCT, Antibody Capture
nan_TotalSeqC, nan, R2, 5P(BC), CAGCCAGTAAGTCAC, Antibody Capture
SIGLEC7_TotalSeqC, SIGLEC7, R2, 5P(BC), CTTAGCATTTCACTG, Antibody Capture
ADGRG1_TotalSeqC, ADGRG1, R2, 5P(BC), GCCTAGTTTCCGTTT, Antibody Capture
HLA-E_TotalSeqC, HLA-E, R2, 5P(BC), GAGTCGAGAAATCAT, Antibody Capture
CD82_TotalSeqC, CD82, R2, 5P(BC), TCCCACTTCCGCTTT, Antibody Capture
CD101_TotalSeqC, CD101, R2, 5P(BC), CTACTTCCCTGTCAA, Antibody Capture
C5AR1_TotalSeqC, C5AR1, R2, 5P(BC), GCCGCATGAGAAACA, Antibody Capture
GGT1_TotalSeqC, GGT1, R2, 5P(BC), CTGATGAGATGTCAG, Antibody Capture
